191,166,109,227,215,208,RAL 1000
190,164,106,228,215,206,RAL 1000
186,161,106,224,212,203,RAL 1000
184,160,105,223,211,202,RAL 1000
190,164,109,225,213,206,RAL 1000
190,156,119,223,213,207,RAL 1001
189,157,114,222,212,206,RAL 1001
190,157,111,223,211,204,RAL 1001
195,148,74,222,211,201,RAL 1003
198,148,77,222,212,203,RAL 1003
190,135,70,216,208,198,RAL 1003
168,144,101,221,210,199,Undentified
185,149,108,222,211,205,Undentified
184,151,95,221,210,205,Undentified
185,152,96,222,212,207,Undentified
185,150,95,224,214,207,Undentified
190,155,96,222,212,206,Undentified
192,157,99,224,214,207,Undentified
185,149,96,223,214,208,Undentified
196,142,75,221,209,199,Undentified
205,155,79,222,210,200,Undentified
